path,name
 ,CutView.log
 ,CutviewerMillUserGuideV3.pdf
 ,CutViewer.cfg
 ,CutViewer_Mill.exe
 ,CVposition.set
 ,CV_GWEditor.dll
 ,CV_Simul.nc
 ,gow.set
\Help,blank.gif
\Help,Bookc.gif
\Help,Booko.gif
\Help,btopic.gif
\Help,hmenu.htm
\Help,index.htm
\Help,loc_comp.id
\Help,Thumbs.db
\Help,Topic1.htm
\Help\Topic10.files,filelist.xml
\Help\Topic10.files,image001.gif
\Help\Topic10.files,image002.gif
\Help\Topic10.files,Thumbs.db
\Help,Topic10.htm
\Help,Topic11.htm
\Help,Topic12.htm
\Help\Topic13.files,colorschememapping.xml
\Help\Topic13.files,filelist.xml
\Help\Topic13.files,themedata.thmx
\Help,Topic13.htm
\Help\Topic14.files,colorschememapping.xml
\Help\Topic14.files,filelist.xml
\Help\Topic14.files,themedata.thmx
\Help,Topic14.htm
\Help\Topic2.files,filelist.xml
\Help\Topic2.files,image001.png
\Help\Topic2.files,image002.jpg
\Help\Topic2.files,image003.png
\Help\Topic2.files,image004.jpg
\Help\Topic2.files,image005.png
\Help\Topic2.files,image006.jpg
\Help\Topic2.files,image007.png
\Help\Topic2.files,image008.jpg
\Help\Topic2.files,image009.gif
\Help\Topic2.files,image010.gif
\Help\Topic2.files,image011.png
\Help\Topic2.files,image012.jpg
\Help\Topic2.files,image013.png
\Help\Topic2.files,image014.jpg
\Help\Topic2.files,image015.gif
\Help\Topic2.files,image016.gif
\Help\Topic2.files,image017.gif
\Help\Topic2.files,image018.gif
\Help\Topic2.files,image019.gif
\Help\Topic2.files,image020.gif
\Help\Topic2.files,image021.gif
\Help\Topic2.files,image022.gif
\Help\Topic2.files,image023.gif
\Help\Topic2.files,image024.gif
\Help\Topic2.files,image025.gif
\Help\Topic2.files,image026.gif
\Help\Topic2.files,image027.gif
\Help\Topic2.files,image028.gif
\Help\Topic2.files,image029.gif
\Help\Topic2.files,image030.gif
\Help\Topic2.files,image031.gif
\Help\Topic2.files,image032.gif
\Help\Topic2.files,image033.gif
\Help\Topic2.files,image034.gif
\Help\Topic2.files,image034.png
\Help\Topic2.files,image035.gif
\Help\Topic2.files,image036.png
\Help\Topic2.files,image037.jpg
\Help\Topic2.files,image038.png
\Help\Topic2.files,image039.jpg
\Help\Topic2.files,image040.png
\Help\Topic2.files,image041.jpg
\Help\Topic2.files,image042.png
\Help\Topic2.files,image043.jpg
\Help\Topic2.files,image044.gif
\Help\Topic2.files,image045.gif
\Help\Topic2.files,image046.gif
\Help\Topic2.files,image047.gif
\Help\Topic2.files,image048.gif
\Help\Topic2.files,image049.gif
\Help\Topic2.files,image050.gif
\Help\Topic2.files,image051.gif
\Help\Topic2.files,image052.gif
\Help\Topic2.files,image053.gif
\Help\Topic2.files,image054.gif
\Help\Topic2.files,image055.gif
\Help\Topic2.files,image056.gif
\Help\Topic2.files,image057.gif
\Help\Topic2.files,image058.gif
\Help\Topic2.files,image059.gif
\Help\Topic2.files,image060.gif
\Help\Topic2.files,image061.gif
\Help\Topic2.files,image062.gif
\Help\Topic2.files,image063.gif
\Help\Topic2.files,image064.gif
\Help\Topic2.files,image065.gif
\Help\Topic2.files,image066.gif
\Help\Topic2.files,image067.gif
\Help\Topic2.files,image068.gif
\Help\Topic2.files,image069.gif
\Help\Topic2.files,Thumbs.db
\Help,Topic2.htm
\Help\Topic3.files,colorschememapping.xml
\Help\Topic3.files,filelist.xml
\Help\Topic3.files,image001.gif
\Help\Topic3.files,image002.gif
\Help\Topic3.files,image003.gif
\Help\Topic3.files,image004.gif
\Help\Topic3.files,image005.gif
\Help\Topic3.files,image006.gif
\Help\Topic3.files,image007.gif
\Help\Topic3.files,image007.png
\Help\Topic3.files,image008.jpg
\Help\Topic3.files,image009.png
\Help\Topic3.files,image010.jpg
\Help\Topic3.files,image011.gif
\Help\Topic3.files,image012.gif
\Help\Topic3.files,image013.gif
\Help\Topic3.files,image014.gif
\Help\Topic3.files,image015.gif
\Help\Topic3.files,themedata.thmx
\Help\Topic3.files,Thumbs.db
\Help,Topic3.htm
\Help,Topic4.htm
\Help\Topic5.files,filelist.xml
\Help\Topic5.files,image001.gif
\Help\Topic5.files,image002.gif
\Help\Topic5.files,image003.gif
\Help\Topic5.files,image004.gif
\Help\Topic5.files,image005.gif
\Help\Topic5.files,image006.gif
\Help\Topic5.files,image007.gif
\Help\Topic5.files,image008.gif
\Help\Topic5.files,Thumbs.db
\Help,Topic5.htm
\Help\Topic6.files,filelist.xml
\Help\Topic6.files,image001.gif
\Help\Topic6.files,image002.gif
\Help\Topic6.files,Thumbs.db
\Help,Topic6.htm
\Help\Topic7.files,filelist.xml
\Help\Topic7.files,image001.gif
\Help\Topic7.files,image002.gif
\Help\Topic7.files,Thumbs.db
\Help,Topic7.htm
\Help\Topic8.files,filelist.xml
\Help\Topic8.files,image001.gif
\Help\Topic8.files,image002.gif
\Help\Topic8.files,image003.gif
\Help\Topic8.files,image004.gif
\Help\Topic8.files,image005.gif
\Help\Topic8.files,image006.gif
\Help\Topic8.files,Thumbs.db
\Help,Topic8.htm
\Help\Topic9.files,filelist.xml
\Help\Topic9.files,image001.gif
\Help\Topic9.files,image002.gif
\Help\Topic9.files,Thumbs.db
\Help,Topic9.htm
 ,loc_comp.id
 ,loc_comp_mill_BORGCUBE.id
 ,param_mill.dat
 ,_gcode.nci
,version.txt
